IDEmploye,NomE,PrenomE,age,Tel,idC,idB,idEnt
101,Müller,Hans,35,+49123456789,401,201,1
102,Schmidt,Anna,28,+49123456780,402,202,1
103,Wagner,Michael,40,+49123456781,403,203,1
104,Schulz,Maria,33,+49123456782,404,204,1
105,Fischer,Andreas,31,+49123456783,405,205,1
106,Koch,Sabine,29,+49123456784,406,206,1
107,Bauer,Thomas,37,+49123456785,407,207,1
108,Schröder,Julia,34,+49123456786,408,208,1
109,Hoffmann,Alexander,36,+49123456787,409,209,1
110,Richter,Laura,30,+49123456788,410,210,1
111,Meyer,Max,38,+49123456789,411,211,1
112,Schneider,Lena,32,+49123456790,412,212,1
113,Becker,Simon,29,+49123456791,413,213,1
114,Krüger,Julia,31,+49123456792,414,214,1
115,Schwarz,Frank,36,+49123456793,415,215,1
116,Hofmann,Lisa,33,+49123456794,416,216,1
117,Fuchs,Philipp,39,+49123456795,417,217,1
118,Peters,Sarah,35,+49123456796,418,218,1
119,Berger,Matthias,37,+49123456797,419,219,1
120,Wolf,Katharina,30,+49123456798,420,220,1
